"In Heather's Sheet",,,,"In Amandus's Sheet",,,"What it SHOULD be",,,"Comment"
"Region","District","Name",,"Region","District","Name","Region","District","Name",
"Arusha","Arusha","CHAVITA","n",,,,,,,
"Arusha","Arusha","CHAVIWAVUTE","n",,,,,,,
"Arusha","Arusha","CHAWAKUWA","n",,,,,,,
"Arusha","Arusha","RAC","n",,,,,,,
"Arusha","Arusha","REO","n",,,,,,,
"Arusha","Arusha","UMATI youth centre","n",,,,,,,
"Arusha","Arusha","WORLD VISION TZ","n",,,,,,,
"Arusha","Kinondoni","SIC","n",,,,,,,
"Arusha","Kinondoni","VSO","n",,,,,,,
"Arusha","Monduli","YMCA","n",,,,,,,
"Coast","Bagamoyo","Bagamoyo Collage of Art","n",,,,,,,
"Coast","Bagamoyo","Imani Home based Care&Training Centre","n",,,,,,,
"Coast","Kibaha","FARAJA Orphans Support Centre","n",,,,,,,
"Coast","Kibaha","Mlandizi Women Association","n",,,,,,,
"Coast","Mafia","Chole Society for Women Dev.","n",,,,,,,
"Coast","Njombe","SAFINA FOUNDATION","n",,,,,,,
"Coast","Rufiji","Behobeho","e","Coast","Rufiji","Behobeho Camp - Oysterbay Hotel",,,,
"Coast","Rufiji","Mbuyu Safari camp","e","Coast","Rufiji","Mbuyu Safari Camp (CLOSED DOWN)",,,"Mbuyu Safari Camp","Closed down"
"Coast","Rufiji","Rufiji river camp","e","Coast","Rufiji","Rufiji River Camp (RR - PUGU)",,,"Rufiji River Camp","RR - PUGU"
"Coast","Rufiji","RUPE Kibiti","e","Coast","Rufiji","RUPE-KIBITI",,,"RUPE Kibiti",
"Coast","Rufiji","Selous Safari- DT Dobie","e","Coast","Rufiji","Selous Safari - DT Dobie",,,"Selous Safari - DT Dobie",
"Coast","Rufiji","Songas","e","Coast","Kilwa","Songas",,"Kilwa","Songas",
"Coast","Rufiji","SWAT","n",,,,,,,
"Coast","Rufiji","WWF - both WWFs done together","n",,,,,,,"Both WWFs done together"
"Dar es Salaam","Bukoba","Tanzania Human Rights Foundation","n",,,,,,,
"Dar es Salaam","Bukoba","Tanzania Orphan and Children with HIV/AIDS","n",,,,,,,
"Dar es Salaam","Bukoba","Tanzania Theatre Centre","n",,,,,,,
"Dar es Salaam","Ilala","ABCT","n",,,,,,,
"Dar es Salaam","Ilala","Amana Hospital HIV Centre","n",,,,,,,
"Dar es Salaam","Ilala","Amana Vijana Centre","n",,,,,,,
"Dar es Salaam","Ilala","AMREF","n",,,,,,,
"Dar es Salaam","Ilala","Association for environment and Elderly Care","n",,,,,,,
"Dar es Salaam","Ilala","CCBRT/M'nyamala HIV Centre","n",,,,,,,
"Dar es Salaam","Ilala","DAC","n",,,,,,,
"Dar es Salaam","Ilala","DED Volunteers","e","Dar es Salaam","Dar es Salaam","DED Tanzania/German Dev. Service",,"Ilala","DED Volunteers",
"Dar es Salaam","Ilala","Dogodogo Centre","n",,,,,,,
"Dar es Salaam","Ilala","Drug Control Commission","n",,,,,,,
"Dar es Salaam","Ilala","EAML East African Movies Limited","e","Dar es Salaam","Dar es Salaam","EAML",,"Ilala","EAML East African Movies Limited",
"Dar es Salaam","Ilala","EMAU","n",,,,,,,
"Dar es Salaam","Ilala","EOTF","n",,,,,,,
"Dar es Salaam","Ilala","EPOPA","n",,,,,,,
"Dar es Salaam","Ilala","Fantasi Sanaa Group","n",,,,,,,
"Dar es Salaam","Ilala","Femina HIP","n",,,,,,,
"Dar es Salaam","Ilala","GTZ PASHA Project","e","Dar es Salaam","Dar es Salaam","GTZ PASHA Project",,"Ilala",,
"Dar es Salaam","Ilala","GTZ Reproductive","n",,,,,,,
"Dar es Salaam","Ilala","Help age International","n",,,,,,"Help Age International",
"Dar es Salaam","Ilala","HIV/AIDS Home to Home","n",,,,,,,
"Dar es Salaam","Ilala","HOHARE","n",,,,,,,
"Dar es Salaam","Ilala","Holiday Inn Hotel","n",,,,,,,
"Dar es Salaam","Ilala","Imani Home Based Care","n",,,,,,,
"Dar es Salaam","Ilala","International Labour Org","n",,,,,,,
"Dar es Salaam","Ilala","IOGT/Drug  Abuse Centre","n",,,,,,"IOGT/Drug Abuse Centre",
"Dar es Salaam","Ilala","Karibu Tanzania Association","n",,,,,,"Karibu Tanzania Association",
"Dar es Salaam","Ilala","KIWOHEDE - DO NOT QUALIFY FOR THE SURVEY (LESS THAN 100 COPIES )","n",,,,,,"Kiwohede","DO NOT QUALIFY FOR THE SURVEY (LESS THAN 100 COPIES)"
"Dar es Salaam","Ilala","Legal and Human right Commission","n",,,,,,"Legal and Human Right Commission",
"Dar es Salaam","Ilala","MAELEZO- communications","n",,,,,,"Maelezo Communications",
"Dar es Salaam","Ilala","Mahabusu ya Watoto","n",,,,,,,
"Dar es Salaam","Ilala","Marie Stopes Tanzania","e","Dar es Salaam","Dar es Salaam","Marie stopes",,"Ilala","Marie Stopes Tanzania",
"Dar es Salaam","Ilala","Ministry of Community Dev.Gender and Children","n",,,,,,"Ministry of Community Development Gender and Children",
"Dar es Salaam","Ilala","Ministry of Defence and National Service","n",,,,,,"Ministry of Defence and National Service",
"Dar es Salaam","Ilala","Ministry of East African Cooperation","n",,,,,,"Ministry of East African Cooperation",
"Dar es Salaam","Ilala","Ministry of Education and Vocational Training","n",,,,,,"Ministry of Education and Vocational Training",
"Dar es Salaam","Ilala","Ministry of Energy and Minerals","n",,,,,,"Ministry of Energy and Minerals",
"Dar es Salaam","Ilala","Ministry of Finance","n",,,,,,"Ministry of Finance",
"Dar es Salaam","Ilala","Ministry of Foreign Affairs and International Cooperation","n",,,,,,"Ministry of Foreign Affairs and International Cooperation",
"Dar es Salaam","Ilala","Ministry of Health and Social Welfare","n",,,,,,"Ministry of Health and Social Welfare",
"Dar es Salaam","Ilala","Ministry of Higher Education,science and Technology","n",,,,,,"Ministry of Higher Education, Science and Technology",
"Dar es Salaam","Ilala","Ministry of Home Affairs","n",,,,,,"Ministry of Home Affairs",
"Dar es Salaam","Ilala","Ministry of Industry,Trade and Marketing","n",,,,,,"Ministry of Industry, Trade and Marketing",
"Dar es Salaam","Ilala","Ministry of Information Culture and Sports","n",,,,,,"Ministry of Information Culture and Sports",
"Dar es Salaam","Ilala","Ministry of Infrastructure development","n",,,,,,"Ministry of Infrastructure Development",
"Dar es Salaam","Ilala","Ministry of Justice and Constitutional Affairs","n",,,,,,"Ministry of Justice and Constitutional Affairs",
"Dar es Salaam","Ilala","Ministry of Labor Employment and Youth Dev.","n",,,,,,"Ministry of Labour Employment and Youth Development",
"Dar es Salaam","Ilala","Ministry of Land,housing and human Settlement","n",,,,,,"Ministry of Land, Housing and human Settlement",
"Dar es Salaam","Ilala","Ministry of Livestock Development","n",,,,,,"Ministry of Livestock Development",
"Dar es Salaam","Ilala","Ministry of Planning and Economic Empowerment","n",,,,,,"Ministry of Planning and Economic Empowerment",
"Dar es Salaam","Ilala","Ministry of Public Safety and Security","n",,,,,,"Ministry of Public Safety and Security",
"Dar es Salaam","Ilala","Ministry of state PMO Parliamentary Affairs","n",,,,,,"Ministry of State PMO Parliamentary Affairs",
"Dar es Salaam","Ilala","Ministry of state PMO Regional Admin and Local Govt","n",,,,,,"Ministry of State PMO Regional Admin and Local Govt",
"Dar es Salaam","Ilala","Ministry of state Presidents' office Good governance","n",,,,,,"Ministry of State President's Office Good Governance",
"Dar es Salaam","Ilala","Ministry of state Presidents' office Public Service Mgt","n",,,,,,"Ministry of State President's Office Public Service Mgt",
"Dar es Salaam","Ilala","Ministry of state, Pres.office Pol.affairs and Civil Societies relations","n",,,,,,"Ministry of State President's Office Political Affairs and Civil Societies Relations",
"Dar es Salaam","Ilala","Ministry of State,vice Presidents office Environment","n",,,,,,"Ministry of State Vice President's Office Environment",
"Dar es Salaam","Ilala","Ministry of state,vice Presidents office Union","n",,,,,,"Ministry of State Vice President's Office Union",
"Dar es Salaam","Ilala","Ministry of Tourism and Natural Resources","n",,,,,,"Ministry of Tourism and Natural Resources",
"Dar es Salaam","Ilala","Ms Tanzania","n",,,,,,,
"Dar es Salaam","Ilala","MUCHS","n",,,,,,,
"Dar es Salaam","Ilala","Muhimbili AIDs Information Centre","n",,,,,,"Muhimbili AIDS Information Centre",
"Dar es Salaam","Ilala","NACP","n",,,,,,,
"Dar es Salaam","Ilala","Pathfinder International","n",,,,,,,
"Dar es Salaam","Ilala","PHAERA Group","n",,,,,,,
"Dar es Salaam","Ilala","Plan International","n",,,,,,,
"Dar es Salaam","Ilala","Positive Initiative of People living with HIV","n",,,,,,"Positive Initiative of People Living with HIV",
"Dar es Salaam","Ilala","Poverty Fighters Group","n",,,,,,,
"Dar es Salaam","Ilala","RAC","n",,,,,,,
"Dar es Salaam","Ilala","RED CROSS","e","Dar es Salaam","Dar es Salaam","Red Cross Dar es Salaam",,"Ilala","Red Cross",
"Dar es Salaam","Ilala","Russian Cultural Centre","n",,,,,,,
"Dar es Salaam","Ilala","Savannah Theatre Group","n",,,,,,,
"Dar es Salaam","Ilala","Save your Generation","n",,,,,,,
"Dar es Salaam","Ilala","SWEDISH Embassy","n",,,,,,"Swedish Embassy",
"Dar es Salaam","Ilala","TACAIDS","n",,,,,,,
"Dar es Salaam","Ilala","TAMWA","n",,,,,,,
"Dar es Salaam","Ilala","TANGO","n",,,,,,,
"Dar es Salaam","Ilala","TAWLA","n",,,,,,,
"Dar es Salaam","Ilala","TECHNOSERVE","e","Dar es Salaam","Dar es Salaam","TECHNOSERVE",,"Ilala","Technoserve",
"Dar es Salaam","Ilala","TGPSH","n",,,,,,,
"Dar es Salaam","Ilala","The Policy Project","n",,,,,,,
"Dar es Salaam","Ilala","UMATI  - only sent to dar - rest distrib by org","n",,,,,,"UMATI","only sent to dar - rest distrib by org"
"Dar es Salaam","Ilala","UMUKA","n",,,,,,,
"Dar es Salaam","Ilala","UNAIDS","n",,,,,,,
"Dar es Salaam","Ilala","UNFPA","n",,,,,,,
"Dar es Salaam","Ilala","UNHCR","n",,,,,,,
"Dar es Salaam","Ilala","UNICEF","n",,,,,,,
"Dar es Salaam","Ilala","Ushiya Entertainment Group","n",,,,,,,
"Dar es Salaam","Ilala","Youth Cultural and Information Centre","n",,,,,,,
"Dar es Salaam","Ilala","Youth Development Network","n",,,,,,,
"Dar es Salaam","Ilala","Youth Parent Crisis Centre","n",,,,,,,
"Dar es Salaam","Ilala","Youth STD Clinic","n",,,,,,,
"Dar es Salaam","Kigoma","Kilimanjaro Arts","n",,,,,,,
"Dar es Salaam","Kigoma","RIPS (GTZ program)","n",,,,,,,
"Dar es Salaam","Kilondoni","Mashujaa Cultural Group","n",,,,,,,
"Dar es Salaam","Kilondoni","PACT","n",,,,,,,
"Dar es Salaam","Kinondoni","Action Aid","n",,,,,,,
"Dar es Salaam","Kinondoni","AFRICARE","n",,,,,,,
"Dar es Salaam","Kinondoni","AJAAT","n",,,,,,,
"Dar es Salaam","Kinondoni","Amali Arts and Cultural group","n",,,,,,,
"Dar es Salaam","Kinondoni","American Peace Corps","n",,,,,,"Peace Corps",
"Dar es Salaam","Kinondoni","BAKWATA","n",,,,,,,
"Dar es Salaam","Kinondoni","BAWACECY","n",,,,,,,
"Dar es Salaam","Kinondoni","CARE International","n",,,,,,,
"Dar es Salaam","Kinondoni","CONCERN TZ","n",,,,,,,
"Dar es Salaam","Kinondoni","Don Bosco Centre","n",,,,,,,
"Dar es Salaam","Kinondoni","ECET Cultural Group","n",,,,,,,
"Dar es Salaam","Kinondoni","Ekuu Tabata Youth","n",,,,,,,
"Dar es Salaam","Kinondoni","FHI","n",,,,,,,
"Dar es Salaam","Kinondoni","FLAT","n",,,,,,,
"Dar es Salaam","Kinondoni","Forum Syd","n",,,,,,,
"Dar es Salaam","Kinondoni","Habitat for Humanity","n",,,,,,,
"Dar es Salaam","Kinondoni","Hindu Mandal Hosp.","n",,,,,,"Hindu Mandal Hospital",
"Dar es Salaam","Kinondoni","Kimanga Sisters","n",,,,,,,
"Dar es Salaam","Kinondoni","Kimara Peer Educators","n",,,,,,,
"Dar es Salaam","Kinondoni","Kinondoni Municipality","n",,,,,,,
"Dar es Salaam","Kinondoni","Kisukuru Youth Club","n",,,,,,,
"Dar es Salaam","Kinondoni","Lugalo Hosp.","n",,,,,,"Lugalo Hospital",
"Dar es Salaam","Kinondoni","Magomeni Health Centre","n",,,,,,,
"Dar es Salaam","Kinondoni","Manzese Youth Group","n",,,,,,,
"Dar es Salaam","Kinondoni","Matumaini Counselling Care and Support","n",,,,,,,
"Dar es Salaam","Kinondoni","Mikocheni Hospital","n",,,,,,,
"Dar es Salaam","Kinondoni","Ministry of Water","n",,,,,,,
"Dar es Salaam","Kinondoni","M'nyamala Hosp.","n",,,,,,"M'nyamala Hospital",
"Dar es Salaam","Kinondoni","Netherlands Embassy","n",,,,,,,
"Dar es Salaam","Kinondoni","Norwegian Peoples' Aid","n",,,,,,"Norwegian People's Aid",
"Dar es Salaam","Kinondoni","PSI","e","Dar es Salaam","Dar es Salaam","PSI",,"Kinondoni",,
"Dar es Salaam","Kinondoni","RADIO VICTORIA FM","n",,,,,,"Radio Victoria FM",
"Dar es Salaam","Kinondoni","RFE","n",,,,,,,
"Dar es Salaam","Kinondoni","SAVE THE CHILDREN","n",,,,,,"Save the Children",
"Dar es Salaam","Kinondoni","SHIDEPHA + - all done together under DSM","n",,,,,,"SHIDEPHA","All done together under DSM"
"Dar es Salaam","Kinondoni","Sotte Cultural Troupe","n",,,,,,,
"Dar es Salaam","Kinondoni","TANOPHA","n",,,,,,,
"Dar es Salaam","Kinondoni","Tanzania dev. Gateway Econ.& Social Research Foundation","n",,,,,,"Tanzania Development Gateway Economic & Social Research Foundation",
"Dar es Salaam","Kinondoni","Tanzania Youth Awareness Trust Fund","n",,,,,,,
"Dar es Salaam","Kinondoni","TAYOA","n",,,,,,,
"Dar es Salaam","Kinondoni","TAYOPA","n",,,,,,,
"Dar es Salaam","Kinondoni","TGNP","n",,,,,,,
"Dar es Salaam","Kinondoni","T-MARK","n",,,,,,,
"Dar es Salaam","Kinondoni","UDSM Library","n",,,,,,,
"Dar es Salaam","Kinondoni","WAMATA","n",,,,,,,
"Dar es Salaam","Kinondoni","Wino Dev. Association (WIDA)","n",,,,,,"Wino Development Association (WIDA)",
"Dar es Salaam","Kinondoni","Youth Action Volunteers","n",,,,,,,
"Dar es Salaam","Kinondoni","Youth Alive Club","n",,,,,,,
"Dar es Salaam","K'ndoni","CHIYOWONET","n",,,,,,,
"Dar es Salaam","K'ndoni","CISO","n",,,,,,,
"Dar es Salaam","K'ndoni","DAC","n",,,,,,,
"Dar es Salaam","Mtwara urban","Sustainable Youth Dev. Partnership","n",,,,,,"Sustainable Youth Development Partnership",
"Dar es Salaam","Mufindi","UNDP","n",,,,,,,
"Dar es Salaam","Rufiji","MUTA","n",,,,,,,
"Dar es Salaam","Rufiji","Uwazi Arts Group","n",,,,,,,
"Dar es Salaam","Temeke","DAC","n",,,,,,,
"Dar es Salaam","Temeke","Dar  Jogging & Sports Club","n",,,,,,"Dar Jogging & Sports Club",
"Dar es Salaam","Temeke","Global Vision Tanzania","n",,,,,,,
"Dar es Salaam","Temeke","Kigamboni Local Government","n",,,,,,,
"Dar es Salaam","Temeke","Kwetu Counselling","n",,,,,,,
"Dar es Salaam","Temeke","Mafunzo Culture","n",,,,,,,
"Dar es Salaam","Temeke","Manyara Art Group","n",,,,,,,
"Dar es Salaam","Temeke","Ministry of Agriculture and Social Security and Cooperatives","n",,,,,,,
"Dar es Salaam","Temeke","PASADA","n",,,,,,,
"Dar es Salaam","Temeke","Perfect Friends","n",,,,,,,
"Dar es Salaam","Temeke","St. Camillius Youth Theatre Group","n",,,,,,,
"Dar es Salaam","Temeke","Temeke HIV Centre","n",,,,,,,
"Dar es Salaam","Temeke","Temeke Municipality","n",,,,,,,
"Dar es Salaam","Temeke","Temeke Youth Culture","n",,,,,,,
"Dar es Salaam","Temeke","TUKOLENE","n",,,,,,,
"Dar es Salaam","Unguja","East Africa Theatre Institute","n",,,,,,,
"Dar es Salaam","Unguja","Jikinge Sanaa Group","n",,,,,,,
"Dar es Salaam","Unguja","University Of Dar es salaam","n",,,,,,"University of Dar es Salaam",
"Dodoma","Dodoma","ACTION AID TZ (RFA) project of action aid","e","Dodoma","Dodoma","ACTION AID TZ (RFA)",,,"RFA","Project of Action Aid"
"Dodoma","Dodoma","American Life Foundation","n",,,,,,,
"Dodoma","Dodoma","CMCR","n",,,,,,,
"Dodoma","Dodoma","Image  Youth group (DONET)","n",,,,,,"Image Youth Group (DONET)",
"Dodoma","Dodoma","INADES Dodoma","e","Dodoma","Dodoma","INADES",,,"INADES",
"Dodoma","Dodoma","Mvumi Hospital","n",,,,,,,
"Dodoma","Dodoma","PMO Office","n",,,,,,,
"Dodoma","Dodoma","RAC","n",,,,,,,
"Dodoma","Dodoma","TCCIA","e","Dodoma","Dodoma","TCCIA-Dom,Mpwapwa,Kondoa",,,"TCCIA","Dom, Mpwapwa, Kondoa"
"Dodoma","Dodoma","The Relief Dev. Foundation","n",,,,,,"The Relief Development Foundation",
"Dodoma","Kongwa","Home Based Care Group (HBC)- Kibaigwa - GROUP COULD NOT BE IDENTIFIED OR CONTACTED FOR THE SURVEY","e","Dodoma","Kongwa","HBC",,,"HBC",
"Iringa","Iringa","American Pearce corps","e","Iringa","Iringa","Peace Corps",,,"Peace Corps",
"Iringa","Iringa","AMREF","n",,,,,,,
"Iringa","Iringa","Care & Counselling Centre - SPECIFIC CENTRE COULD NOT BE IDENTIFIED FOR THE SURVEY","e","Iringa","Iringa","Care&counseling Centre",,,"Care & Counselling Centre","SPECIFIC CENTRE COULD NOT BE IDENTIFIED FOR THE SURVEY"
"Iringa","Iringa","DAC","n","Iringa","Iringa","DAC",,,,
"Iringa","Iringa","IDYDC","e","Iringa","Iringa","IDYC",,,"IDYDC",
"Iringa","Iringa","RAC","n",,,,,,,
"Iringa","Iringa","Regional Education Officer","n",,,,,,,
"Iringa","Iringa","Regional Youth Officer","e","Iringa","Iringa","Reg Youth Officer",,,"Regional Youth Officer",
"Iringa","Iringa rural","CHASAWAYA","n",,,,,,,
"Iringa","Iringa rural","DAC","n",,,,,,,
"Iringa","Iringa","SHIDEPHA + - all done together under DSM","e","Iringa","Iringa","Shidepha",,,"SHIDEPHA","all done together under DSM"
"Iringa","Iringa","SPW (Community Resource Program)","e","Iringa","Iringa","SPW",,,"SPW",
"Iringa","Iringa","UMATI youth centre","e","Iringa","Iringa","Umati",,,"Umati Youth Centre",
"Iringa","Kilolo","CETAT","n",,,,,,,
"Iringa","Ludewa","DAC","n",,,,,,,
"Iringa","Ludewa","District Ed. Trust Fund","e","Iringa","Ludewa","Distr.Educ.Trust fund",,,"District Education Trust Fund",
"Iringa","Ludewa","Ubena Comm.conce","e","Iringa","Ludewa","Ubena Com.Conce",,,"Ubena Comm.conce",
"Iringa","Ludewa","Xtian Comm.Services","e","Iringa","Ludewa","Xtian Com.Services",,,"Christian Community Services",
"Iringa","Makete","DAC","n",,,,,,,
"Iringa","Makete","ELCT according to the general secretyary naymann Chavalla, do not get the magazines but would love to)","e","Iringa","Makete","ELCT makete",,,"ELCT","According to the general secretyary naymann Chavalla, do not get the magazines but would love to)"
"Iringa","Makete","Kitulo Diary Farming","e","Iringa","Makete","Kitulo Dairy farm",,,"Kitulo Dairy Farming",
"Iringa","Makete","Makete Youth Dev. Network","e","Iringa","Makete","Makete Youth Dev.Network",,,"Makete Youth Development Network",
"Iringa","Makete","PIUMA","n",,,,,,,
"Iringa","Mufindi","DAC","n",,,,,,,
"Iringa","Mufindi","Mufindi Construction Co.","n",,,,,,,
"Iringa","Mufindi","Mufindi Education Trust Fund","n",,,,,,,
"Iringa","Njombe","NJODINGO","n",,,,,,,
"Iringa","Njombe","NPHAECOT","n",,,,,,,
"Iringa","Njombe","TANWAT (HB Care Centre) all tanwats was done together","n",,,,,,"TANWAT (HB Care Centre)"," all tanwats was done together"
"Iringa","Njombe","TANWAT (PADA)","n",,,,,,"TANWAT (PADA)"," all tanwats was done together"
"Kagera","Bukoba","RAC","n",,,,,,,
"Kagera","Bukoba","Tanzania Dev.& AIDs Prevention","n",,,,,,"Tanzania Development & AIDS Prevention",
"Kagera","Nygara","CONCERN","n",,,,,,,
"Kenya","Ilala","Masai Mara Base Camp","n",,,,,,,
"Kigoma","Kasulu","CEFODEC","n",,,,,,,
"Kigoma","Kigoma","Kigoma Vijana Dev. Association","n",,,,,,"Kigoma Vijana Development Association",
"Kigoma","Kigoma","RAC","n",,,,,,,
"Kigoma","Kigoma","RED CROSS","e","Kigoma","Red Cross","RED CROSS HQ Dar",,"Kigoma","Red Cross",
"Kilimanjaro","Moshi","KINSHAI Kilimanjaro Clusters","n",,,,,,,
"Kilimanjaro","Moshi","KIWAKKUKI","n",,,,,,,
"Kilimanjaro","Moshi","KIWIEKO","n",,,,,,,
"Kilimanjaro","Moshi","Moshi Youth Organisation","n",,,,,,,
"Kilimanjaro","Moshi","RAC","n",,,,,,,
"Kilimanjaro","Moshi","Village Education Project","n",,,,,,,
"Lindi","Lindi","RAC","n",,,,,,,
"Lindi","Lindi rural","American Peace corp-Concern/lingonet","e","Lindi","Lindi rural","Concern/Lingonet",,,"Concern/Lingonet",
"Lindi","Lindi rural","Cullture Officer","e","Lindi","Lindi rural","Culture Officer",,,"Culture Officer",
"Lindi","Lindi rural","District Community Development Officer","n",,,,,,,
"Lindi","Lindi rural","SAVE THE CHILDREN - Judika Sumari, Community Development Assistant - Don't get the magazine though they are aware of them and would love to get them","e","Lindi","Lindi rural","Save the Child.",,,"Save the Children","Judika Sumari, Community Development Assistant - Don't get the magazine though they are aware of them and would love to get them"
"Lindi","Lindi urban","Cullture Officer","e","Lindi","Lindi urban","Culture Officer",,,"Culture Officer",
"Lindi","Lindi urban","District Community Development Officer","n",,,,,,,
"Lindi","Liwale","District Community Development Officer","n",,,,,,,
"Lindi","Nachingwea","District Community Development Officer","n",,,,,,,
"Lindi","Ruangwa","District Community Development Officer","n",,,,,,,
"Lindi","Ruangwa","GTZ/Nursing Officer (volunteer)","e","Lindi","Ruangwa","Nursing Officer",,,"Nursing Officer",
"Lindi","Ruangwa","Resource centre - COULD NOT ASSERTAIN WHICH RESOURCE CENTRE WAS RECEIVING MATERIALS","e","Lindi","Ruangwa","Resource Center Govt",,,"Resource Centre Government","COULD NOT ASSERTAIN WHICH RESOURCE CENTRE WAS RECEIVING MATERIALS"
"Manyara","Babati","Charitable Harambee Education Society","n",,,,,,,
"Manyara","Babati","Haydom Hosp.","e","Manyara","Babati","Haydom Hosp",,,"Haydom Hospital",
"Manyara","Babati","LAMP","e","Manyara","Babati","Lamp Project",,,"LAMP",
"Manyara","Babati","RAC","n",,,,,,,
"Manyara","Loliondo","LADO-Laramatak Dev. Organisation","n",,,,,,"LADO","LADO-Laramatak Dev. Organisation"
"Mara","Bunda","CODERT- Bunda","n",,,,,,"CODERT",
"Mara","Bunda","DDP ( funded by SIDA)","e","Mara","Bunda","DDP (SIDA)",,,"DDP","Funded by SIDA"
"Mara","Musoma","Buhemba Rural Agricultural Centre","n",,,,,,,
"Mara","Musoma","Huruma Group (HUGRO)","n",,,,,,,
"Mara","Musoma","Miali Centre and TCPC","n",,,,,,,
"Mara","Musoma","RAC","n",,,,,,,
"Mara","Serengeti","DDP (funded by SIDA)","e","Mara","Serengeti","DDP (SIDA)",,,"DDP","Funded by SIDA"
"Mara","Tarime","North Mara Mine","e","Mara","Tarime","North Mara Gold mine",,,"North Mara Gold Mine",
"Mbeya","Mbeya","AYOSA","n",,,,,,,
"Mbeya","Mbeya","Mbeya District Hospital","e","Mbeya","Mbeya","District Hosp",,,"Mbeya District Hospital",
"Mbeya","Mbeya","Mbeya Regional Hospital","n",,,,,,,
"Mbeya","Mbeya","Mbeya- VCT Clinic","n",,,,"Mbeya",,"VCT Clinic",
"Mbeya","Mbeya","RAC","n",,,,,,,
"Mbeya","Mbeya","SHIDEPHA + - all done together under DSM","e","Mbeya","Mbeya","SHIDEPHA",,,"SHIDEPHA","All done together under DSM"
"Mbeya","Mbozi","Mbozi Rural Welfare Agency","n",,,,,,,
"Mbeya","Mbozi","MIICO (Mbozi, Ileje,Isangati Consortium)","n",,,,,,,
"Morogoro","Ifakara","Ifakara Teachers' Resource Centre (IRC)","e","Morogoro","Ifakara","TRC",,,,"TRC â€“ Teachers' Resource Centre"
"Morogoro","Kilombero","District Medical Officer","n",,,,,,,
"Morogoro","Kilombero","Father Ndege chruch","e","Morogoro","Kilombero","Father Ndege",,,"Father Ndege Church",
"Morogoro","Kilombero","MITIKI (Done with Kilombero Teak in survey)","e","Morogoro","Kilombero","MITIKI",,,,"Done with Kilombero Teak in survey"
"Morogoro","Kilombero","SHIDEPHA + - all done together under DSM","e","Morogoro","Kilombero","SHIDEPHA",,,,"all done together under DSM"
"Morogoro","Kilosa","District Youth Officer","e","Morogoro","Kilosa","District Youth Office",,,"District Youth Officer",
"Morogoro","Kilosa","HUDESA","n",,,,,,,
"Morogoro","Kilosa","Tumaini-Dumila","n",,,,,,,
"Morogoro","Mahenge","DAC","n",,,,,,,
"Morogoro","Mahenge","District Court","e","Morogoro","Mahenge/ulanga","District Court",,"Mahenge",,
"Morogoro","Morogoro","AMANI CENTRE for People with Disabilities","e","Morogoro","Morogoro","Amani Centre",,,"AMANI Centre for People with Disabilities",
"Morogoro","Morogoro","CHAYODE","e","Morogoro","Morogoro municipality","CHAYODE - Morogoro",,"Morogoro municipality","CHAYODE",
"Morogoro","Morogoro","Faraja Trust Fund","e","Morogoro","Morogoro municipality","FARAJA Trust Fund",,"Morogoro municipality","FARAJA Trust Fund",
"Morogoro","Morogoro","Mapinduzi Cultural Centre","e","Morogoro","Morogoro municipality","Mapinduzi Cultural Centre-Morogoro",,"Morogoro municipality","Mapinduzi Cultural Centre",
"Morogoro","Morogoro","Muungano wa wasanii Morogoro (MWAMO)","e","Morogoro","Morogoro municipality","Muungano wa wasanii Morogoro (MWAMO).",,"Morogoro municipality","Muungano wa wasanii Morogoro (MWAMO)",
"Morogoro","Morogoro","RAC","n",,,,,,,
"Morogoro","Morogoro","Tumaini Rehabilitation Services","n",,,,,,,
"Morogoro","Morogoro","UMATI Youth Centre","n",,,,,,,
"Morogoro","Morogoro","UMWEMA Group","e","Morogoro","Morogoro municipality","UMWEMA Group",,"Morogoro municipality",,
"Mtwara","Kinondoni","TAYOPA","n",,,,,,,
"Mtwara","Mtwara urban","American Peace Corps Volunteers","e","Mtwara","Mtwara urban","Volunteers in Mt",,,"Peace Corps",
"Mtwara","Mtwara urban","ARTUMAS Group","n",,,,,,,
"Mtwara","Mtwara urban","CAHVIWAVUTE Group","n",,,,,,,
"Mtwara","Mtwara urban","SHIDEPHA + - all done together under DSM","e","Mtwara","Mtwara urban","SHIDEPHA",,,,"all done together under DSM"
"Mtwara","Mtwara urban","Sports Dev. Agency","e","Mtwara","Mtwara urban","Sports Dev.Agency",,,"Sports Development Agency",
"Mtwara","Newala","Action Aid - both Mtwara surveys done together","e","Mtwara","Newala","ActionAid","Mtwara","Newala","ActionAid","both Mtwara surveys done together"
"Mtwara","Newala","SHKUM","n",,,,,,,
"Mtwara","Tandahimba","Action Aid - both Mtwara surveys done together","e","Mtwara","Tandahimba","ActionAid","Mtwara","Tandahimba","ActionAid","both Mtwara surveys done together"
"Mtwara","Tandahimba","Lutengano Refusal- too disorganized","e","Mtwara","Tandahimba","Lutengano",,,"Lutengano","refusal- too disorganized"
"Mwanza","Ilemela","BUTIMBA TTC","e","Mwanza","-","Butimba TTc",,"Ilemela","Butimba TTC",
"Mwanza","Mwanza","ACORD Tanzania","n",,,,,,,
"Mwanza","Mwanza","Adilisha child youth dev.&Family preservation","n",,,"Adilisha Child Youth Devevelopment & Family Preservation",,,,
"Mwanza","Mwanza","Kapri point Youth Organisation","n",,,"Kapri Point Youth Organisation",,,,
"Mwanza","Mwanza","Kivulini Women Rights Organisation","n",,,,,,,
"Mwanza","Mwanza","Kuleana","n",,,,,,,
"Mwanza","Mwanza","KVTC","n",,,,,,,
"Mwanza","Mwanza","Starehe Children Homes","n",,,,,,,
"Mwanza","Mwanza","TANESA","n",,,,,,,
"Mwanza","Mwanza urban","RAC","n",,,,,,,
"Mwanza","Sengerema","EWAMEC","n","Mwanza","Sengerema","EWAMEC",,,,
"Pemba","Pemba","Family Planning Programme","n",,,,,,,
"Pemba","Pemba","Mkoani Poverty Eradication Society (MPESO)","n",,,,,,,
"Pemba","Pemba","Pemba Island Relief Organisation (PIRO)","n",,,,,,,
"Pemba","Pemba","UMATI Youth Centre","n",,,,,,,
"Pemba","Pemba","Zanzibar Nurses Association (ZANA)","n",,,,,,,
"Pemba","Pemba","Zanzibar Teachers' Union (ZATU)","n",,,,,,,
"Pwani","Kibaha","RAC","n",,,,,,,
"Rukwa","Mpanda","DAC","e","Rukwa","Mpanda district","DAC",,"Mpanda",,
"Rukwa","Mpanda","Ngao Youth Group","n",,,,,,,
"Rukwa","Mpanda","Ngimbwa Farmers Association","n",,,,,,,
"Rukwa","S'wanga","DAC","e","Rukwa","Sumbawanga","DAC",,"Sumbawanga",,
"Rukwa","S'wanga","DC","n",,"Sumbawanga",,,,,
"Rukwa","S'wanga","RAC","n",,"Sumbawanga",,,,,
"Rukwa","S'wanga","Rukwa Association of NGOs","e","Rukwa","Sumbawanga","Rukwa assoc.of NGO",,"Sumbawanga","Rukwa Association of NGOs",
"Ruvuma","Songea","CHAMA CHA VIZIWI (Kiwohede, same organization)","e","Ruvuma","Songea","Chama cha Viziwi",,,"Chama cha Viziwi","Kiwohede, same organization"
"Ruvuma","Songea","Good Samaritan Mission","e","Ruvuma","Songea","G. Samaritan",,,"Good Samaritan Mission",
"Ruvuma","Songea","Health Dev. Foundation","n",,,"Health Development Foundation",,,,
"Ruvuma","Songea","KIWOHEDE -information is recorded in Chama cha viziwi","e","Ruvuma","Songea","Kiwohede",,,,"information is recorded in Chama cha viziwi"
"Ruvuma","Songea","RAC","n",,,,,,,
"Ruvuma","Songea","Regioanl Office Administator","n",,,"Regional Office Administator",,,,
"Ruvuma","Songea","St. Theresa Orphan Foundation","e","Ruvuma","Songea","St. Theresa",,,"St. Theresa Orphan Foundation",
"Ruvuma","Tunduru","TUICO","n",,,,,,,
"Ruvuma","Tunduru","Tunduru Forum for AIDs Education(TUFAE)","e","Ruvuma","Tunduru","TUFAE",,,"TUFAE","Tunduru Forum for AIDs Education(TUFAE)"
"Shinyanga","Shinyanga","RAC","n",,,,,,,
"Singida","Singida","Land Management Programme","n",,,,,,,
"Singida","Singida","RAC","n",,,,,,,
"Singida","Singida","Singida Women Living with HIV/AIDs(SIWOLIHA)","n",,,,,,,
"Singida","Singida","SIPHA","n",,,,,,,
"Singida","Singida","Women Econ.Groups Cordinating Council (WEGCC)","n",,,"Women Economic Groups Cordinating Council (WEGCC)",,,,
"Tabora","Tabora","RAC","n",,,,,,,
"Tabora","Tabora","Tabora Elders and Youth Dev. Association (TEYODA)","n",,,"Tabora Elders and Youth Development Association (TEYODA)",,,,
"Tabora","Tabora","Tabora NGO Cluster","n",,,,,,,
"Tanga","Lushoto","Mwangole Mlolo Lushoto Health Centre","n",,,,,,,
"Tanga","Pangani","TAWAHAESS","n",,,,,,,
"Tanga","Tanga","GTZ/Tanga TGPSH","n",,,,,,,
"Tanga","Tanga","RAC","n",,,,,,,
"Tanga","Tanga","Tanga Youth Dev. Association (TAYODEA)","n",,,"Tanga Youth Development Association (TAYODEA)",,,,
"Tanga","Tanga","Tanzania 4H Organisation","n",,,,,,,
"Uganda","Tunduru","Makerere University","n",,,,,,,
"Zanzibar","Ilala","Zanzibar Library","n",,,,,,,
"Zanzibar","Unguja","Action Aid","n",,,,,,,
"Zanzibar","Unguja","Aga khan Cultural Centre","n",,,,,,,
"Zanzibar","Unguja","Al-rahma medical Centre","n",,,,,,,
"Zanzibar","Unguja","ANGOZA","n",,,,,,,
"Zanzibar","Unguja","ARK - John Hopkins University","n",,,,,,,
"Zanzibar","Unguja","CARE International","n",,,,,,,
"Zanzibar","Unguja","Changamoto Preservation Fund","n",,,,,,,
"Zanzibar","Unguja","College of Health Science Education","n",,,,,,,
"Zanzibar","Unguja","INGO Resource Centre","n",,,"NGO Resource Centre",,,,
"Zanzibar","Unguja","Marie Stopes Tanzania","n",,,,,,,
"Zanzibar","Unguja","Save the Children","n",,,,,,,
"Zanzibar","Unguja","SOS Children's village","n",,,"SOS Children's Village",,,,
"Zanzibar","Unguja","Stone town Youth Centre","n",,,"Stone Town Youth Centre",,,,
"Zanzibar","Unguja","The State University of Zanzibar","n",,,"The State University of Zanzibar",,,,
"Zanzibar","Unguja","University Of Dar es salaam (Marine)","n",,,"University Of Dar es Salaam (Marine)",,,,
"Zanzibar","Unguja","UWTZ","n",,,"UWTZ",,,,
"Zanzibar","Unguja","WHO","n",,,"WHO",,,,
"Zanzibar","Unguja","Women Enterpreneurship Dev.Trust Fund (WEDTF)","n",,,"Women Enterpreneurship Development Trust Fund (WEDTF)",,,,
"Zanzibar","Unguja","Zanzibar Association of People with HIV and AIDs","n",,,"Zanzibar Association of People with HIV and AIDS",,,,
"Zanzibar","Unguja","Znz Aids Commission (ZAC)","n",,,"Zanzibar Aids Commission (ZAC)",,,,
"Zanzibar","Unguja","Znz Association for Children Advancement","n",,,"Zanzibar Association for Children Advancement",,,,
"Zanzibar","Unguja","Znz Association of Information Against Drug Abuse","n",,,"Zanzibar Association of Information Against Drug Abuse",,,,
